,date,place,one_unit_bldgs,one_unit_units,one_unit_value,two_unit_bldgs,two_unit_units,two_unit_value,three_unit_bldgs,three_unit_units,three_unit_value,five_unit_bldgs,five_unit_units,five_unit_value,medium,large,large21,control,pop_19,treatment,period
0,2017-01-01,Albany,193,193,48233981,0,0,0,0,0,0,4,48,4765529,0,1,1,0,54120,Large,-4
1,2017-01-01,Ashland,54,54,10727400,0,0,0,0,0,0,0,0,0,1,0,0,0,20960,Medium,-4
2,2017-01-01,Astoria,5,5,1513939,0,0,0,0,0,0,2,30,3207752,0,0,0,1,9690,Control,-4
3,2017-01-01,Baker City,22,22,5103533,0,0,0,0,0,0,0,0,0,0,0,0,1,9965,Control,-4
4,2017-01-01,Beaverton,27,27,8390263,0,0,0,0,0,0,7,539,70200600,0,1,0,0,98255,Large,-4
5,2017-01-01,Bend,946,946,234034546,26,52,7033136,0,0,0,7,214,32379771,0,1,1,0,91385,Large,-4
6,2017-01-01,Boardman,7,7,1114449,0,0,0,0,0,0,0,0,0,0,0,0,1,4505,Control,-4
7,2017-01-01,Brookings,10,10,2508097,0,0,0,0,0,0,0,0,0,0,0,0,1,6645,Control,-4
8,2017-01-01,Brownsville,1,1,200000,0,0,0,0,0,0,0,0,0,0,0,0,1,1720,Control,-4
9,2017-01-01,Cannon Beach,7,7,2616404,0,0,0,0,0,0,0,0,0,0,0,0,1,1730,Control,-4
10,2017-01-01,Central Point,32,32,6644367,2,4,479050,0,0,0,2,12,634345,1,0,0,0,18365,Medium,-4
11,2017-01-01,Clatskanie,4,4,790000,0,0,0,0,0,0,0,0,0,0,0,0,1,1775,Control,-4
12,2017-01-01,Coburg,11,11,3541099,0,0,0,0,0,0,0,0,0,0,0,0,1,1295,Control,-4
13,2017-01-01,Columbia City,0,0,0,0,0,0,0,0,0,0,0,0,0,0,0,1,1985,Control,-4
14,2017-01-01,Coos Bay,15,15,4014124,0,0,0,0,0,0,0,0,0,1,0,0,0,16700,Medium,-4
15,2017-01-01,Cornelius,2,2,363733,0,0,0,0,0,0,1,45,4251929,0,1,0,0,12225,Large,-4
16,2017-01-01,Corvallis,59,59,16087384,2,4,800000,2,7,1244470,0,0,0,0,1,0,0,58885,Large,-4
17,2017-01-01,Cottage Grove,47,47,6769870,0,0,0,0,0,0,0,0,0,1,0,0,0,10140,Medium,-4
18,2017-01-01,Creswell,32,32,2546119,0,0,0,0,0,0,0,0,0,0,0,0,1,5510,Control,-4
19,2017-01-01,Dallas,109,109,26117185,1,2,574096,0,0,0,0,0,0,1,0,0,0,16260,Medium,-4
20,2017-01-01,Dayton,10,10,2053100,0,0,0,0,0,0,0,0,0,0,0,0,1,2740,Control,-4
21,2017-01-01,Depoe Bay,4,4,1345000,0,0,0,0,0,0,0,0,0,0,0,0,1,1445,Control,-4
22,2017-01-01,Dundee,5,5,1555219,0,0,0,0,0,0,0,0,0,0,0,0,1,3235,Control,-4
23,2017-01-01,Dunes City,8,8,2446312,0,0,0,0,0,0,0,0,0,0,0,0,1,1345,Control,-4
24,2017-01-01,Durham,1,1,521774,0,0,0,0,0,0,0,0,0,0,1,0,0,1885,Large,-4
25,2017-01-01,Eagle Point,95,95,23971929,0,0,0,0,0,0,0,0,0,0,0,0,1,9260,Control,-4
26,2017-01-01,Estacada,55,55,15089082,0,0,0,0,0,0,0,0,0,0,0,0,1,3725,Control,-4
27,2017-01-01,Florence,38,38,8403323,0,0,0,1,4,429792,0,0,0,0,0,0,1,8850,Control,-4
28,2017-01-01,Forest Grove,90,90,27603150,1,2,409043,0,0,0,6,82,7856547,0,1,0,0,25180,Large,-4
29,2017-01-01,Gearhart,37,37,8708703,0,0,0,0,0,0,0,0,0,0,0,0,1,1525,Control,-4
30,2017-01-01,Happy Valley,154,154,53567551,0,0,0,0,0,0,2,71,10832422,0,1,0,0,21700,Large,-4
31,2017-01-01,Harrisburg,2,2,428707,0,0,0,0,0,0,0,0,0,0,0,0,1,3680,Control,-4
32,2017-01-01,Hermiston,77,77,14776867,0,0,0,0,0,0,0,0,0,1,0,0,0,18415,Medium,-4
33,2017-01-01,Hood River,21,21,6555089,12,24,5168142,0,0,0,0,0,0,0,0,0,1,8305,Control,-4
34,2017-01-01,Independence,4,4,1650245,3,6,1015284,0,0,0,0,0,0,0,0,0,1,9530,Control,-4
35,2017-01-01,Irrigon,0,0,0,0,0,0,0,0,0,0,0,0,0,0,0,1,2030,Control,-4
36,2017-01-01,Jacksonville,0,0,0,0,0,0,0,0,0,0,0,0,0,0,0,1,3015,Control,-4
37,2017-01-01,Junction City,18,18,4369235,0,0,0,0,0,0,0,0,0,0,0,0,1,6170,Control,-4
38,2017-01-01,Keizer,32,32,8676740,1,2,364632,0,0,0,2,11,1306815,0,1,0,0,38580,Large,-4
39,2017-01-01,King City,13,13,3863634,0,0,0,0,0,0,2,20,2525116,0,1,1,0,4190,Large,-4
40,2017-01-01,La Grande,8,8,1932985,1,2,249999,0,0,0,0,0,0,1,0,0,0,13290,Medium,-4
41,2017-01-01,Lafayette,8,8,1355392,0,0,0,0,0,0,0,0,0,0,0,0,1,4125,Control,-4
42,2017-01-01,Lake Oswego,101,101,53269301,0,0,0,0,0,0,5,93,13523781,0,1,0,0,39115,Large,-4
43,2017-01-01,Lakeside,4,4,777701,0,0,0,0,0,0,0,0,0,0,0,0,1,1750,Control,-4
44,2017-01-01,Lebanon,36,36,7070589,0,0,0,0,0,0,2,10,837366,1,0,0,0,17135,Medium,-4
45,2017-01-01,Lincoln City,60,60,11858525,3,6,1064385,0,0,0,0,0,0,0,0,0,1,8795,Control,-4
46,2017-01-01,Lowell,5,5,1080367,0,0,0,0,0,0,0,0,0,0,0,0,1,1090,Control,-4
47,2017-01-01,Lyons,6,6,1018910,0,0,0,0,0,0,0,0,0,0,0,0,1,1200,Control,-4
48,2017-01-01,McMinnville,61,61,14438324,0,0,0,0,0,0,1,16,1251757,0,1,0,0,33930,Large,-4
49,2017-01-01,Medford,343,343,78717443,2,4,592770,4,16,2395494,3,35,3341528,0,1,0,0,81465,Large,-4
50,2017-01-01,Mill City,2,2,526743,0,0,0,0,0,0,0,0,0,0,0,0,1,1880,Control,-4
51,2017-01-01,Millersburg,108,108,29851203,0,0,0,0,0,0,0,0,0,0,0,0,1,2615,Control,-4
52,2017-01-01,Milwaukie,10,10,2945154,0,0,0,0,0,0,0,0,0,0,1,0,0,20535,Large,-4
53,2017-01-01,Monmouth,19,19,5436000,8,16,2705000,2,8,1059000,0,0,0,0,0,0,1,9920,Control,-4
54,2017-01-01,Newberg,88,88,21189072,0,0,0,0,0,0,0,0,0,1,0,0,0,24045,Medium,-4
55,2017-01-01,Newport,15,15,3439954,0,0,0,0,0,0,0,0,0,1,0,0,0,10285,Medium,-4
56,2017-01-01,North Bend,13,13,3430837,0,0,0,0,0,0,0,0,0,0,0,0,1,9925,Control,-4
57,2017-01-01,Oakridge,7,7,662611,0,0,0,0,0,0,0,0,0,0,0,0,1,3305,Control,-4
58,2017-01-01,Ontario,5,5,1050974,0,0,0,0,0,0,0,0,0,1,0,0,0,11485,Medium,-4
59,2017-01-01,Oregon City,120,120,38495749,0,0,0,0,0,0,10,222,23915255,0,1,0,0,35570,Large,-4
60,2017-01-01,Pendleton,18,18,4849408,13,26,4044467,0,0,0,0,0,0,1,0,0,0,17020,Medium,-4
61,2017-01-01,Philomath,6,6,1510853,0,0,0,3,9,1364198,0,0,0,0,0,0,1,4900,Control,-4
62,2017-01-01,Phoenix,4,4,825773,4,8,945523,0,0,0,0,0,0,0,0,0,1,4650,Control,-4
63,2017-01-01,Redmond,311,311,77782523,3,6,1181057,0,0,0,1,6,399000,0,1,0,0,30600,Large,-4
64,2017-01-01,Reedsport,3,3,535481,0,0,0,0,0,0,0,0,0,0,0,0,1,4215,Control,-4
65,2017-01-01,Rogue River,20,20,5480690,0,0,0,0,0,0,0,0,0,0,0,0,1,2235,Control,-4
66,2017-01-01,Sandy,62,62,15833732,2,4,488284,0,0,0,1,9,930780,1,0,0,0,11075,Medium,-4
67,2017-01-01,Scappoose,78,78,20336101,0,0,0,0,0,0,1,5,375000,0,0,0,1,7270,Control,-4
68,2017-01-01,Seaside,17,17,4764797,0,0,0,1,4,412000,0,0,0,0,0,0,1,6585,Control,-4
69,2017-01-01,Sherwood,46,46,16465651,0,0,0,0,0,0,0,0,0,0,1,0,0,19595,Large,-4
70,2017-01-01,Siletz,1,1,275000,0,0,0,0,0,0,0,0,0,0,0,0,1,1235,Control,-4
71,2017-01-01,Silverton,46,46,13718812,3,6,1104681,1,4,425676,5,36,3770278,1,0,0,0,10380,Medium,-4
72,2017-01-01,Springfield,86,86,21141420,1,2,335626,0,0,0,0,0,0,0,1,0,0,61355,Large,-4
73,2017-01-01,St. Helens,24,24,5199861,0,0,0,1,3,432009,0,0,0,1,0,0,0,13410,Medium,-4
74,2017-01-01,Stayton,19,19,5860777,0,0,0,0,0,0,0,0,0,0,0,0,1,7870,Control,-4
75,2017-01-01,Sweet Home,44,44,6365417,0,0,0,0,0,0,0,0,0,0,0,0,1,9340,Control,-4
76,2017-01-01,Talent,10,10,1956596,0,0,0,0,0,0,0,0,0,0,0,0,1,6465,Control,-4
77,2017-01-01,Tangent,4,4,1034117,0,0,0,0,0,0,0,0,0,0,0,0,1,1260,Control,-4
78,2017-01-01,Tigard,426,426,118646921,0,0,0,0,0,0,2,187,27463833,0,1,0,0,53450,Large,-4
79,2017-01-01,Toledo,4,4,631600,0,0,0,0,0,0,0,0,0,0,0,0,1,3490,Control,-4
80,2017-01-01,Troutdale,12,12,3155518,0,0,0,0,0,0,0,0,0,0,1,0,0,16185,Large,-4
81,2017-01-01,Tualatin,22,22,5253189,0,0,0,0,0,0,0,0,0,0,1,1,0,27135,Large,-4
82,2017-01-01,Umatilla,18,18,3735133,0,0,0,0,0,0,0,0,0,0,0,0,1,7470,Control,-4
83,2017-01-01,Veneta,1,1,272961,0,0,0,0,0,0,0,0,0,0,0,0,1,4800,Control,-4
84,2017-01-01,Vernonia,12,12,2839160,0,0,0,0,0,0,0,0,0,0,0,0,1,2095,Control,-4
85,2017-01-01,Waldport,4,4,730000,0,0,0,0,0,0,0,0,0,0,0,0,1,2110,Control,-4
86,2017-01-01,Warrenton,6,6,1267415,3,6,720222,0,0,0,0,0,0,0,0,0,1,5320,Control,-4
87,2017-01-01,West Linn,40,40,18511662,0,0,0,0,0,0,0,0,0,0,1,0,0,25905,Large,-4
88,2017-01-01,Wilsonville,267,267,62455250,0,0,0,0,0,0,0,0,0,0,1,1,0,25635,Large,-4
89,2017-01-01,Wood Village,0,0,0,0,0,0,0,0,0,0,0,0,0,1,0,0,4060,Large,-4
90,2017-01-01,Woodburn,2,2,452107,1,2,484500,0,0,0,2,15,2912500,0,1,0,0,25135,Large,-4
91,2018-01-01,Albany,155,155,40140904,1,2,367252,0,0,0,4,67,7616707,0,1,1,0,54120,Large,-3
92,2018-01-01,Ashland,49,49,12402502,0,0,0,0,0,0,0,0,0,1,0,0,0,20960,Medium,-3
93,2018-01-01,Astoria,6,6,2344369,1,2,467794,0,0,0,0,0,0,0,0,0,1,9690,Control,-3
94,2018-01-01,Baker City,23,23,5335512,0,0,0,0,0,0,0,0,0,0,0,0,1,9965,Control,-3
95,2018-01-01,Beaverton,125,125,37854049,0,0,0,0,0,0,0,0,0,0,1,0,0,98255,Large,-3
96,2018-01-01,Bend,865,865,217619756,25,50,7837726,1,3,541400,0,0,0,0,1,1,0,91385,Large,-3
97,2018-01-01,Boardman,9,9,2157263,0,0,0,0,0,0,4,120,11530448,0,0,0,1,4505,Control,-3
98,2018-01-01,Brookings,10,10,2462190,0,0,0,0,0,0,0,0,0,0,0,0,1,6645,Control,-3
99,2018-01-01,Brownsville,2,2,573000,0,0,0,0,0,0,0,0,0,0,0,0,1,1720,Control,-3
100,2018-01-01,Cannon Beach,12,12,4306511,0,0,0,0,0,0,0,0,0,0,0,0,1,1730,Control,-3
101,2018-01-01,Central Point,36,36,8400435,0,0,0,0,0,0,8,100,9894189,1,0,0,0,18365,Medium,-3
102,2018-01-01,Clatskanie,3,3,673327,0,0,0,0,0,0,0,0,0,0,0,0,1,1775,Control,-3
103,2018-01-01,Coburg,11,11,3541099,0,0,0,0,0,0,0,0,0,0,0,0,1,1295,Control,-3
104,2018-01-01,Columbia City,2,2,449518,0,0,0,0,0,0,0,0,0,0,0,0,1,1985,Control,-3
105,2018-01-01,Coos Bay,18,18,4059965,1,2,220000,0,0,0,0,0,0,1,0,0,0,16700,Medium,-3
106,2018-01-01,Cornelius,34,34,7573048,1,2,455080,0,0,0,0,0,0,0,1,0,0,12225,Large,-3
107,2018-01-01,Corvallis,45,45,12715817,1,2,230273,4,14,2710775,8,156,23590304,0,1,0,0,58885,Large,-3
108,2018-01-01,Cottage Grove,22,22,5662664,0,0,0,0,0,0,1,15,469085,1,0,0,0,10140,Medium,-3
109,2018-01-01,Creswell,28,28,7389922,0,0,0,0,0,0,0,0,0,0,0,0,1,5510,Control,-3
110,2018-01-01,Dallas,144,144,34342686,0,0,0,0,0,0,0,0,0,1,0,0,0,16260,Medium,-3
111,2018-01-01,Dayton,7,7,2159559,0,0,0,0,0,0,0,0,0,0,0,0,1,2740,Control,-3
112,2018-01-01,Depoe Bay,10,10,2298600,0,0,0,0,0,0,0,0,0,0,0,0,1,1445,Control,-3
113,2018-01-01,Dundee,5,5,1413810,0,0,0,0,0,0,0,0,0,0,0,0,1,3235,Control,-3
114,2018-01-01,Dunes City,8,8,1679189,0,0,0,0,0,0,0,0,0,0,0,0,1,1345,Control,-3
115,2018-01-01,Durham,1,1,410342,0,0,0,0,0,0,0,0,0,0,1,0,0,1885,Large,-3
116,2018-01-01,Eagle Point,100,100,25233609,0,0,0,0,0,0,0,0,0,0,0,0,1,9260,Control,-3
117,2018-01-01,Estacada,112,112,20301486,0,0,0,0,0,0,0,0,0,0,0,0,1,3725,Control,-3
118,2018-01-01,Florence,42,42,9059516,0,0,0,0,0,0,0,0,0,0,0,0,1,8850,Control,-3
119,2018-01-01,Forest Grove,167,167,48522059,3,6,892943,0,0,0,7,78,6320618,0,1,0,0,25180,Large,-3
120,2018-01-01,Gearhart,40,40,9414814,0,0,0,0,0,0,0,0,0,0,0,0,1,1525,Control,-3
121,2018-01-01,Happy Valley,163,163,54677819,0,0,0,0,0,0,0,0,0,0,1,0,0,21700,Large,-3
122,2018-01-01,Harrisburg,6,6,921095,0,0,0,0,0,0,0,0,0,0,0,0,1,3680,Control,-3
123,2018-01-01,Hermiston,82,82,15736403,0,0,0,0,0,0,0,0,0,1,0,0,0,18415,Medium,-3
124,2018-01-01,Hood River,47,47,12646083,10,20,2569954,0,0,0,1,6,850000,0,0,0,1,8305,Control,-3
125,2018-01-01,Independence,50,50,10456416,4,8,1480290,1,4,236586,0,0,0,0,0,0,1,9530,Control,-3
126,2018-01-01,Irrigon,0,0,0,0,0,0,0,0,0,0,0,0,0,0,0,1,2030,Control,-3
127,2018-01-01,Jacksonville,0,0,0,0,0,0,0,0,0,0,0,0,0,0,0,1,3015,Control,-3
128,2018-01-01,Junction City,22,22,5306000,1,2,307000,1,4,490000,0,0,0,0,0,0,1,6170,Control,-3
129,2018-01-01,Keizer,21,21,5473628,2,4,897303,0,0,0,1,17,1302845,0,1,0,0,38580,Large,-3
130,2018-01-01,King City,17,17,3492434,0,0,0,0,0,0,0,0,0,0,1,1,0,4190,Large,-3
131,2018-01-01,La Grande,16,16,3943092,1,2,396877,2,7,631803,0,0,0,1,0,0,0,13290,Medium,-3
132,2018-01-01,Lafayette,9,9,1740813,0,0,0,0,0,0,0,0,0,0,0,0,1,4125,Control,-3
133,2018-01-01,Lake Oswego,112,112,58675290,0,0,0,0,0,0,11,110,15995870,0,1,0,0,39115,Large,-3
134,2018-01-01,Lakeside,6,6,663304,0,0,0,0,0,0,0,0,0,0,0,0,1,1750,Control,-3
135,2018-01-01,Lebanon,39,39,7661117,0,0,0,0,0,0,5,25,2093415,1,0,0,0,17135,Medium,-3
136,2018-01-01,Lincoln City,55,55,13606409,2,4,675285,0,0,0,3,30,2479387,0,0,0,1,8795,Control,-3
137,2018-01-01,Lowell,10,10,730281,3,6,581128,0,0,0,0,0,0,0,0,0,1,1090,Control,-3
138,2018-01-01,Lyons,6,6,1292788,0,0,0,0,0,0,0,0,0,0,0,0,1,1200,Control,-3
139,2018-01-01,McMinnville,94,94,25577763,1,2,360772,3,10,1269424,10,98,10499196,0,1,0,0,33930,Large,-3
140,2018-01-01,Medford,316,316,74755921,1,2,382956,0,0,0,14,132,15367148,0,1,0,0,81465,Large,-3
141,2018-01-01,Mill City,6,6,1385093,0,0,0,0,0,0,0,0,0,0,0,0,1,1880,Control,-3
142,2018-01-01,Millersburg,120,120,33390094,0,0,0,0,0,0,0,0,0,0,0,0,1,2615,Control,-3
143,2018-01-01,Milwaukie,20,20,5941099,0,0,0,1,3,587010,0,0,0,0,1,0,0,20535,Large,-3
144,2018-01-01,Monmouth,20,20,5722105,10,20,3381250,3,10,1323750,0,0,0,0,0,0,1,9920,Control,-3
145,2018-01-01,Newberg,106,106,25008400,0,0,0,0,0,0,0,0,0,1,0,0,0,24045,Medium,-3
146,2018-01-01,Newport,20,20,2873586,0,0,0,8,31,2896342,0,0,0,1,0,0,0,10285,Medium,-3
147,2018-01-01,North Bend,17,17,4344215,0,0,0,0,0,0,2,11,1617000,0,0,0,1,9925,Control,-3
148,2018-01-01,Oakridge,7,7,797941,0,0,0,0,0,0,0,0,0,0,0,0,1,3305,Control,-3
149,2018-01-01,Ontario,2,2,334600,0,0,0,0,0,0,0,0,0,1,0,0,0,11485,Medium,-3
150,2018-01-01,Oregon City,100,100,33093662,0,0,0,0,0,0,2,46,6130026,0,1,0,0,35570,Large,-3
151,2018-01-01,Pendleton,27,27,6445811,0,0,0,0,0,0,0,0,0,1,0,0,0,17020,Medium,-3
152,2018-01-01,Philomath,11,11,2706545,1,2,308303,1,3,540753,30,342,35078563,0,0,0,1,4900,Control,-3
153,2018-01-01,Phoenix,21,21,2970812,0,0,0,0,0,0,0,0,0,0,0,0,1,4650,Control,-3
154,2018-01-01,Redmond,422,422,98305287,3,6,1206199,0,0,0,4,84,8387667,0,1,0,0,30600,Large,-3
155,2018-01-01,Reedsport,2,2,295527,0,0,0,0,0,0,0,0,0,0,0,0,1,4215,Control,-3
156,2018-01-01,Rogue River,0,0,0,0,0,0,0,0,0,0,0,0,0,0,0,1,2235,Control,-3
157,2018-01-01,Sandy,42,42,10601874,1,2,240000,1,3,360000,0,0,0,1,0,0,0,11075,Medium,-3
158,2018-01-01,Scappoose,16,16,4175963,0,0,0,2,8,690231,4,32,2760927,0,0,0,1,7270,Control,-3
159,2018-01-01,Seaside,12,12,3074033,0,0,0,0,0,0,0,0,0,0,0,0,1,6585,Control,-3
160,2018-01-01,Sherwood,37,37,12957520,1,2,282332,1,4,715009,0,0,0,0,1,0,0,19595,Large,-3
161,2018-01-01,Siletz,0,0,0,0,0,0,0,0,0,0,0,0,0,0,0,1,1235,Control,-3
162,2018-01-01,Silverton,22,22,6013544,0,0,0,0,0,0,0,0,0,1,0,0,0,10380,Medium,-3
163,2018-01-01,Springfield,51,51,12613161,8,16,2609812,1,4,598622,7,76,6633828,0,1,0,0,61355,Large,-3
164,2018-01-01,St. Helens,11,11,2368087,0,0,0,0,0,0,1,16,1360474,1,0,0,0,13410,Medium,-3
165,2018-01-01,Stayton,27,27,7675526,0,0,0,1,4,608885,0,0,0,0,0,0,1,7870,Control,-3
166,2018-01-01,Sweet Home,28,28,1953168,0,0,0,0,0,0,0,0,0,0,0,0,1,9340,Control,-3
167,2018-01-01,Talent,22,22,3935208,0,0,0,0,0,0,1,6,896948,0,0,0,1,6465,Control,-3
168,2018-01-01,Tangent,1,1,367531,0,0,0,0,0,0,0,0,0,0,0,0,1,1260,Control,-3
169,2018-01-01,Tigard,191,191,63577617,0,0,0,0,0,0,9,177,21459455,0,1,0,0,53450,Large,-3
170,2018-01-01,Toledo,1,1,200000,0,0,0,0,0,0,0,0,0,0,0,0,1,3490,Control,-3
171,2018-01-01,Troutdale,9,9,2953515,0,0,0,0,0,0,0,0,0,0,1,0,0,16185,Large,-3
172,2018-01-01,Tualatin,99,99,31330240,0,0,0,0,0,0,0,0,0,0,1,1,0,27135,Large,-3
173,2018-01-01,Umatilla,55,55,9930397,0,0,0,0,0,0,0,0,0,0,0,0,1,7470,Control,-3
174,2018-01-01,Veneta,9,9,2220390,0,0,0,0,0,0,0,0,0,0,0,0,1,4800,Control,-3
175,2018-01-01,Vernonia,10,10,2500000,0,0,0,0,0,0,0,0,0,0,0,0,1,2095,Control,-3
176,2018-01-01,Waldport,4,4,689829,0,0,0,0,0,0,0,0,0,0,0,0,1,2110,Control,-3
177,2018-01-01,Warrenton,6,6,1267415,4,8,960296,0,0,0,0,0,0,0,0,0,1,5320,Control,-3
178,2018-01-01,West Linn,31,31,12935311,0,0,0,0,0,0,0,0,0,0,1,0,0,25905,Large,-3
179,2018-01-01,Wilsonville,118,118,26770419,0,0,0,0,0,0,3,56,10696860,0,1,1,0,25635,Large,-3
180,2018-01-01,Wood Village,46,46,12203484,0,0,0,0,0,0,0,0,0,0,1,0,0,4060,Large,-3
181,2018-01-01,Woodburn,51,51,12355106,0,0,0,0,0,0,8,61,12338049,0,1,0,0,25135,Large,-3
182,2019-01-01,Albany,220,220,50869374,0,0,0,0,0,0,18,210,20200619,0,1,1,0,54120,Large,-2
183,2019-01-01,Ashland,44,44,8046953,4,8,906431,2,7,1062328,2,43,4263627,1,0,0,0,20960,Medium,-2
184,2019-01-01,Astoria,7,7,2387857,1,2,143600,0,0,0,0,0,0,0,0,0,1,9690,Control,-2
185,2019-01-01,Baker City,23,23,5335512,0,0,0,0,0,0,0,0,0,0,0,0,1,9965,Control,-2
186,2019-01-01,Beaverton,176,176,55693868,0,0,0,0,0,0,2,216,22958638,0,1,0,0,98255,Large,-2
187,2019-01-01,Bend,642,642,134644476,33,66,8472775,0,0,0,2,48,7324830,0,1,1,0,91385,Large,-2
188,2019-01-01,Boardman,8,8,2450659,1,2,354478,0,0,0,0,0,0,0,0,0,1,4505,Control,-2
189,2019-01-01,Brookings,13,13,4702521,0,0,0,0,0,0,0,0,0,0,0,0,1,6645,Control,-2
190,2019-01-01,Brownsville,7,7,2092651,0,0,0,0,0,0,0,0,0,0,0,0,1,1720,Control,-2
191,2019-01-01,Cannon Beach,9,9,2858845,0,0,0,0,0,0,1,8,510000,0,0,0,1,1730,Control,-2
192,2019-01-01,Central Point,27,27,6810427,0,0,0,4,16,1914142,8,108,11654419,1,0,0,0,18365,Medium,-2
193,2019-01-01,Clatskanie,2,2,649611,1,2,260744,0,0,0,0,0,0,0,0,0,1,1775,Control,-2
194,2019-01-01,Coburg,11,11,3541099,0,0,0,0,0,0,0,0,0,0,0,0,1,1295,Control,-2
195,2019-01-01,Columbia City,1,1,253204,0,0,0,0,0,0,0,0,0,0,0,0,1,1985,Control,-2
196,2019-01-01,Coos Bay,15,15,3482537,1,2,334070,0,0,0,0,0,0,1,0,0,0,16700,Medium,-2
197,2019-01-01,Cornelius,121,121,30988818,0,0,0,0,0,0,1,8,1191145,0,1,0,0,12225,Large,-2
198,2019-01-01,Corvallis,92,92,22773863,0,0,0,6,24,5354879,6,300,48797508,0,1,0,0,58885,Large,-2
199,2019-01-01,Cottage Grove,44,44,6051497,0,0,0,0,0,0,0,0,0,1,0,0,0,10140,Medium,-2
200,2019-01-01,Creswell,6,6,1530687,0,0,0,0,0,0,0,0,0,0,0,0,1,5510,Control,-2
201,2019-01-01,Dallas,117,117,25178640,1,2,334455,0,0,0,0,0,0,1,0,0,0,16260,Medium,-2
202,2019-01-01,Dayton,2,2,361082,0,0,0,0,0,0,0,0,0,0,0,0,1,2740,Control,-2
203,2019-01-01,Depoe Bay,6,6,1159900,1,2,750000,0,0,0,0,0,0,0,0,0,1,1445,Control,-2
204,2019-01-01,Dundee,16,16,4595857,0,0,0,0,0,0,0,0,0,0,0,0,1,3235,Control,-2
205,2019-01-01,Dunes City,7,7,1476584,0,0,0,0,0,0,0,0,0,0,0,0,1,1345,Control,-2
206,2019-01-01,Durham,0,0,0,0,0,0,0,0,0,0,0,0,0,1,0,0,1885,Large,-2
207,2019-01-01,Eagle Point,59,59,16099759,2,4,474242,0,0,0,0,0,0,0,0,0,1,9260,Control,-2
208,2019-01-01,Estacada,183,183,34190640,0,0,0,0,0,0,0,0,0,0,0,0,1,3725,Control,-2
209,2019-01-01,Florence,43,43,9531422,0,0,0,1,4,466738,0,0,0,0,0,0,1,8850,Control,-2
210,2019-01-01,Forest Grove,84,84,23605646,6,12,2728617,0,0,0,0,0,0,0,1,0,0,25180,Large,-2
211,2019-01-01,Gearhart,24,24,6698000,0,0,0,1,4,913161,0,0,0,0,0,0,1,1525,Control,-2
212,2019-01-01,Happy Valley,259,259,85135143,0,0,0,0,0,0,4,166,20114687,0,1,0,0,21700,Large,-2
213,2019-01-01,Harrisburg,4,4,1028996,0,0,0,0,0,0,0,0,0,0,0,0,1,3680,Control,-2
214,2019-01-01,Hermiston,62,62,16390191,0,0,0,3,12,1314181,4,36,3554805,1,0,0,0,18415,Medium,-2
215,2019-01-01,Hood River,40,40,11255171,2,4,818361,0,0,0,0,0,0,0,0,0,1,8305,Control,-2
216,2019-01-01,Independence,41,41,8906686,5,10,1803927,2,8,1547670,3,146,17318440,0,0,0,1,9530,Control,-2
217,2019-01-01,Irrigon,0,0,0,0,0,0,0,0,0,0,0,0,0,0,0,1,2030,Control,-2
218,2019-01-01,Jacksonville,0,0,0,0,0,0,0,0,0,0,0,0,0,0,0,1,3015,Control,-2
219,2019-01-01,Junction City,4,4,881849,0,0,0,0,0,0,0,0,0,0,0,0,1,6170,Control,-2
220,2019-01-01,Keizer,36,36,10186081,3,6,852706,0,0,0,0,0,0,0,1,0,0,38580,Large,-2
221,2019-01-01,King City,0,0,0,0,0,0,0,0,0,0,0,0,0,1,1,0,4190,Large,-2
222,2019-01-01,La Grande,11,11,2644928,2,4,1500785,0,0,0,0,0,0,1,0,0,0,13290,Medium,-2
223,2019-01-01,Lafayette,2,2,243537,2,4,730747,0,0,0,0,0,0,0,0,0,1,4125,Control,-2
224,2019-01-01,Lake Oswego,65,65,36695519,1,2,728158,0,0,0,1,13,1890421,0,1,0,0,39115,Large,-2
225,2019-01-01,Lakeside,6,6,663304,0,0,0,0,0,0,0,0,0,0,0,0,1,1750,Control,-2
226,2019-01-01,Lebanon,38,38,7464209,0,0,0,0,0,0,8,40,3349464,1,0,0,0,17135,Medium,-2
227,2019-01-01,Lincoln City,54,54,13359020,1,2,337642,0,0,0,1,32,2644680,0,0,0,1,8795,Control,-2
228,2019-01-01,Lowell,14,14,1894485,0,0,0,0,0,0,0,0,0,0,0,0,1,1090,Control,-2
229,2019-01-01,Lyons,2,2,608814,0,0,0,0,0,0,0,0,0,0,0,0,1,1200,Control,-2
230,2019-01-01,McMinnville,157,157,39025573,0,0,0,4,14,1369811,11,119,12344853,0,1,0,0,33930,Large,-2
231,2019-01-01,Medford,303,303,73959773,4,8,1263570,0,0,0,2,24,3164658,0,1,0,0,81465,Large,-2
232,2019-01-01,Mill City,7,7,1579249,0,0,0,0,0,0,0,0,0,0,0,0,1,1880,Control,-2
233,2019-01-01,Millersburg,82,82,22790678,0,0,0,0,0,0,0,0,0,0,0,0,1,2615,Control,-2
234,2019-01-01,Milwaukie,37,37,11881498,0,0,0,0,0,0,0,0,0,0,1,0,0,20535,Large,-2
235,2019-01-01,Monmouth,8,8,2283761,0,0,0,1,3,481986,1,7,900000,0,0,0,1,9920,Control,-2
236,2019-01-01,Newberg,80,80,21498416,0,0,0,0,0,0,1,20,2134844,1,0,0,0,24045,Medium,-2
237,2019-01-01,Newport,16,16,2984429,0,0,0,0,0,0,4,110,12415388,1,0,0,0,10285,Medium,-2
238,2019-01-01,North Bend,9,9,2080177,0,0,0,0,0,0,0,0,0,0,0,0,1,9925,Control,-2
239,2019-01-01,Oakridge,7,7,900000,0,0,0,0,0,0,0,0,0,0,0,0,1,3305,Control,-2
240,2019-01-01,Ontario,1,1,210195,0,0,0,0,0,0,0,0,0,1,0,0,0,11485,Medium,-2
241,2019-01-01,Oregon City,118,118,38802407,0,0,0,5,19,3724139,9,183,22428791,0,1,0,0,35570,Large,-2
242,2019-01-01,Pendleton,16,16,4268108,1,2,143891,0,0,0,0,0,0,1,0,0,0,17020,Medium,-2
243,2019-01-01,Philomath,12,12,2272641,0,0,0,0,0,0,0,0,0,0,0,0,1,4900,Control,-2
244,2019-01-01,Phoenix,21,21,2970812,0,0,0,0,0,0,0,0,0,0,0,0,1,4650,Control,-2
245,2019-01-01,Redmond,361,361,89271858,1,2,500516,1,4,588443,21,401,44061455,0,1,0,0,30600,Large,-2
246,2019-01-01,Reedsport,2,2,550616,0,0,0,0,0,0,0,0,0,0,0,0,1,4215,Control,-2
247,2019-01-01,Rogue River,9,9,1641978,0,0,0,1,3,513810,0,0,0,0,0,0,1,2235,Control,-2
248,2019-01-01,Sandy,57,57,15777006,1,2,361319,0,0,0,0,0,0,1,0,0,0,11075,Medium,-2
249,2019-01-01,Scappoose,7,7,2125956,0,0,0,1,4,611957,0,0,0,0,0,0,1,7270,Control,-2
250,2019-01-01,Seaside,16,16,3868893,0,0,0,3,12,1871727,0,0,0,0,0,0,1,6585,Control,-2
251,2019-01-01,Sherwood,26,26,8943290,0,0,0,0,0,0,0,0,0,0,1,0,0,19595,Large,-2
252,2019-01-01,Siletz,0,0,0,0,0,0,0,0,0,0,0,0,0,0,0,1,1235,Control,-2
253,2019-01-01,Silverton,31,31,9737000,1,2,400000,0,0,0,0,0,0,1,0,0,0,10380,Medium,-2
254,2019-01-01,Springfield,57,57,13991324,2,4,282500,0,0,0,0,0,0,0,1,0,0,61355,Large,-2
255,2019-01-01,St. Helens,22,22,4660168,1,2,314704,1,4,437500,9,101,12556405,1,0,0,0,13410,Medium,-2
256,2019-01-01,Stayton,4,4,1048782,0,0,0,0,0,0,0,0,0,0,0,0,1,7870,Control,-2
257,2019-01-01,Sweet Home,33,33,2649895,0,0,0,0,0,0,0,0,0,0,0,0,1,9340,Control,-2
258,2019-01-01,Talent,23,23,4470442,0,0,0,0,0,0,4,40,5219675,0,0,0,1,6465,Control,-2
259,2019-01-01,Tangent,1,1,269541,0,0,0,0,0,0,0,0,0,0,0,0,1,1260,Control,-2
260,2019-01-01,Tigard,255,255,70522126,0,0,0,0,0,0,6,312,32044390,0,1,0,0,53450,Large,-2
261,2019-01-01,Toledo,0,0,0,0,0,0,0,0,0,0,0,0,0,0,0,1,3490,Control,-2
262,2019-01-01,Troutdale,5,5,1441037,0,0,0,2,8,1521538,14,152,11821573,0,1,0,0,16185,Large,-2
263,2019-01-01,Tualatin,1,1,370273,0,0,0,0,0,0,0,0,0,0,1,1,0,27135,Large,-2
264,2019-01-01,Umatilla,41,41,9198609,0,0,0,0,0,0,0,0,0,0,0,0,1,7470,Control,-2
265,2019-01-01,Veneta,12,12,2774057,2,4,715756,0,0,0,0,0,0,0,0,0,1,4800,Control,-2
266,2019-01-01,Vernonia,5,5,1252226,0,0,0,0,0,0,0,0,0,0,0,0,1,2095,Control,-2
267,2019-01-01,Waldport,1,1,160000,1,2,185000,0,0,0,1,6,500000,0,0,0,1,2110,Control,-2
268,2019-01-01,Warrenton,6,6,1267415,1,2,240074,0,0,0,0,0,0,0,0,0,1,5320,Control,-2
269,2019-01-01,West Linn,28,28,12947453,0,0,0,0,0,0,0,0,0,0,1,0,0,25905,Large,-2
270,2019-01-01,Wilsonville,111,111,30532304,0,0,0,0,0,0,0,0,0,0,1,1,0,25635,Large,-2
271,2019-01-01,Wood Village,8,8,1260631,0,0,0,0,0,0,0,0,0,0,1,0,0,4060,Large,-2
272,2019-01-01,Woodburn,15,15,3570049,1,2,380012,0,0,0,0,0,0,0,1,0,0,25135,Large,-2
273,2020-01-01,Albany,188,188,36825249,1,2,463521,1,3,514437,4,53,5098251,0,1,1,0,54120,Large,-1
274,2020-01-01,Ashland,34,34,6614683,0,0,0,7,28,3717175,3,40,5555913,1,0,0,0,20960,Medium,-1
275,2020-01-01,Astoria,5,5,1478732,0,0,0,0,0,0,0,0,0,0,0,0,1,9690,Control,-1
276,2020-01-01,Baker City,27,27,6263427,0,0,0,0,0,0,0,0,0,0,0,0,1,9965,Control,-1
277,2020-01-01,Beaverton,130,130,38484585,0,0,0,0,0,0,18,760,107093807,0,1,0,0,98255,Large,-1
278,2020-01-01,Bend,652,652,140349502,58,116,14239483,0,0,0,6,308,56210205,0,1,1,0,91385,Large,-1
279,2020-01-01,Boardman,27,27,7566075,0,0,0,0,0,0,0,0,0,0,0,0,1,4505,Control,-1
280,2020-01-01,Brookings,17,17,3564723,0,0,0,0,0,0,0,0,0,0,0,0,1,6645,Control,-1
281,2020-01-01,Brownsville,5,5,1246000,1,2,619000,0,0,0,0,0,0,0,0,0,1,1720,Control,-1
282,2020-01-01,Cannon Beach,14,14,5283299,0,0,0,0,0,0,0,0,0,0,0,0,1,1730,Control,-1
283,2020-01-01,Central Point,49,49,11607545,0,0,0,0,0,0,5,71,8721511,1,0,0,0,18365,Medium,-1
284,2020-01-01,Clatskanie,7,7,1787476,0,0,0,0,0,0,0,0,0,0,0,0,1,1775,Control,-1
285,2020-01-01,Coburg,2,2,875113,0,0,0,0,0,0,0,0,0,0,0,0,1,1295,Control,-1
286,2020-01-01,Columbia City,2,2,534263,0,0,0,0,0,0,0,0,0,0,0,0,1,1985,Control,-1
287,2020-01-01,Coos Bay,26,26,4409190,0,0,0,0,0,0,0,0,0,1,0,0,0,16700,Medium,-1
288,2020-01-01,Cornelius,246,246,65960998,0,0,0,0,0,0,0,0,0,0,1,0,0,12225,Large,-1
289,2020-01-01,Corvallis,53,53,12949236,0,0,0,0,0,0,2,18,2609992,0,1,0,0,58885,Large,-1
290,2020-01-01,Cottage Grove,19,19,4263247,2,4,897478,1,3,576469,0,0,0,1,0,0,0,10140,Medium,-1
291,2020-01-01,Creswell,10,10,1514051,0,0,0,0,0,0,0,0,0,0,0,0,1,5510,Control,-1
292,2020-01-01,Dallas,131,131,31907984,0,0,0,0,0,0,0,0,0,1,0,0,0,16260,Medium,-1
293,2020-01-01,Dayton,8,8,1822703,0,0,0,0,0,0,0,0,0,0,0,0,1,2740,Control,-1
294,2020-01-01,Depoe Bay,3,3,743766,0,0,0,0,0,0,0,0,0,0,0,0,1,1445,Control,-1
295,2020-01-01,Dundee,2,2,875729,0,0,0,0,0,0,0,0,0,0,0,0,1,3235,Control,-1
296,2020-01-01,Dunes City,4,4,1545689,0,0,0,0,0,0,0,0,0,0,0,0,1,1345,Control,-1
297,2020-01-01,Durham,0,0,0,0,0,0,0,0,0,0,0,0,0,1,0,0,1885,Large,-1
298,2020-01-01,Eagle Point,65,65,17737024,1,2,237121,0,0,0,0,0,0,0,0,0,1,9260,Control,-1
299,2020-01-01,Estacada,125,125,30272587,0,0,0,0,0,0,0,0,0,0,0,0,1,3725,Control,-1
300,2020-01-01,Florence,56,56,12124058,0,0,0,0,0,0,0,0,0,0,0,0,1,8850,Control,-1
301,2020-01-01,Forest Grove,89,89,24387783,0,0,0,0,0,0,0,0,0,0,1,0,0,25180,Large,-1
302,2020-01-01,Gearhart,28,28,9719517,1,2,657085,0,0,0,0,0,0,0,0,0,1,1525,Control,-1
303,2020-01-01,Happy Valley,443,443,144596751,0,0,0,0,0,0,3,216,27141750,0,1,0,0,21700,Large,-1
304,2020-01-01,Harrisburg,4,4,916483,0,0,0,0,0,0,2,10,1099338,0,0,0,1,3680,Control,-1
305,2020-01-01,Hermiston,88,88,21788865,0,0,0,0,0,0,0,0,0,1,0,0,0,18415,Medium,-1
306,2020-01-01,Hood River,25,25,7417076,5,10,1904902,0,0,0,0,0,0,0,0,0,1,8305,Control,-1
307,2020-01-01,Independence,59,59,13173427,0,0,0,0,0,0,0,0,0,0,0,0,1,9530,Control,-1
308,2020-01-01,Irrigon,2,2,425727,0,0,0,0,0,0,0,0,0,0,0,0,1,2030,Control,-1
309,2020-01-01,Jacksonville,0,0,0,0,0,0,0,0,0,0,0,0,0,0,0,1,3015,Control,-1
310,2020-01-01,Junction City,2,2,600000,9,18,2704500,0,0,0,16,129,13968000,0,0,0,1,6170,Control,-1
311,2020-01-01,Keizer,26,26,8114428,0,0,0,0,0,0,3,25,3657779,0,1,0,0,38580,Large,-1
312,2020-01-01,King City,0,0,0,0,0,0,0,0,0,0,0,0,0,1,1,0,4190,Large,-1
313,2020-01-01,La Grande,15,15,2878975,4,8,1420330,0,0,0,0,0,0,1,0,0,0,13290,Medium,-1
314,2020-01-01,Lafayette,2,2,291243,2,4,695920,0,0,0,0,0,0,0,0,0,1,4125,Control,-1
315,2020-01-01,Lake Oswego,64,64,35846281,0,0,0,0,0,0,0,0,0,0,1,0,0,39115,Large,-1
316,2020-01-01,Lakeside,5,5,402886,0,0,0,0,0,0,0,0,0,0,0,0,1,1750,Control,-1
317,2020-01-01,Lebanon,31,31,5880676,13,26,4538600,3,12,1461115,16,200,24853836,1,0,0,0,17135,Medium,-1
318,2020-01-01,Lincoln City,37,37,9077990,1,2,450000,0,0,0,3,42,4557270,0,0,0,1,8795,Control,-1
319,2020-01-01,Lowell,4,4,1071913,0,0,0,0,0,0,0,0,0,0,0,0,1,1090,Control,-1
320,2020-01-01,Lyons,2,2,540474,0,0,0,0,0,0,0,0,0,0,0,0,1,1200,Control,-1
321,2020-01-01,McMinnville,140,140,34953734,10,20,2447775,0,0,0,0,0,0,0,1,0,0,33930,Large,-1
322,2020-01-01,Medford,265,265,73184181,2,4,848156,0,0,0,2,16,1495000,0,1,0,0,81465,Large,-1
323,2020-01-01,Mill City,3,3,759891,0,0,0,0,0,0,0,0,0,0,0,0,1,1880,Control,-1
324,2020-01-01,Millersburg,93,93,25824548,0,0,0,0,0,0,0,0,0,0,0,0,1,2615,Control,-1
325,2020-01-01,Milwaukie,39,39,12367677,0,0,0,0,0,0,0,0,0,0,1,0,0,20535,Large,-1
326,2020-01-01,Monmouth,8,8,233673,1,2,464866,0,0,0,1,27,5250000,0,0,0,1,9920,Control,-1
327,2020-01-01,Newberg,58,58,15407034,1,2,225405,0,0,0,0,0,0,1,0,0,0,24045,Medium,-1
328,2020-01-01,Newport,10,10,3467953,3,6,539481,0,0,0,5,66,7221026,1,0,0,0,10285,Medium,-1
329,2020-01-01,North Bend,20,20,5761509,0,0,0,0,0,0,0,0,0,0,0,0,1,9925,Control,-1
330,2020-01-01,Oakridge,6,6,1217960,0,0,0,0,0,0,0,0,0,0,0,0,1,3305,Control,-1
331,2020-01-01,Ontario,3,3,757648,0,0,0,0,0,0,0,0,0,1,0,0,0,11485,Medium,-1
332,2020-01-01,Oregon City,86,86,23357861,0,0,0,0,0,0,0,0,0,0,1,0,0,35570,Large,-1
333,2020-01-01,Pendleton,21,21,5709473,3,6,246647,0,0,0,3,41,4415250,1,0,0,0,17020,Medium,-1
334,2020-01-01,Philomath,103,103,26823115,0,0,0,1,3,558509,0,0,0,0,0,0,1,4900,Control,-1
335,2020-01-01,Phoenix,23,23,3253746,0,0,0,0,0,0,0,0,0,0,0,0,1,4650,Control,-1
336,2020-01-01,Redmond,551,551,129645720,1,2,364605,4,14,2341804,10,136,15451859,0,1,0,0,30600,Large,-1
337,2020-01-01,Reedsport,3,3,896396,0,0,0,0,0,0,0,0,0,0,0,0,1,4215,Control,-1
338,2020-01-01,Rogue River,2,2,575494,0,0,0,0,0,0,0,0,0,0,0,0,1,2235,Control,-1
339,2020-01-01,Sandy,81,81,25511713,2,4,420566,0,0,0,0,0,0,1,0,0,0,11075,Medium,-1
340,2020-01-01,Scappoose,16,16,4032109,0,0,0,2,7,1146163,0,0,0,0,0,0,1,7270,Control,-1
341,2020-01-01,Seaside,28,28,7905206,0,0,0,2,8,458000,0,0,0,0,0,0,1,6585,Control,-1
342,2020-01-01,Sherwood,36,36,12827191,0,0,0,0,0,0,0,0,0,0,1,0,0,19595,Large,-1
343,2020-01-01,Siletz,0,0,0,0,0,0,0,0,0,0,0,0,0,0,0,1,1235,Control,-1
344,2020-01-01,Silverton,59,59,17594570,0,0,0,1,4,260000,0,0,0,1,0,0,0,10380,Medium,-1
345,2020-01-01,Springfield,90,90,22194831,1,2,369404,1,4,222224,12,70,8495632,0,1,0,0,61355,Large,-1
346,2020-01-01,St. Helens,82,82,21573060,0,0,0,0,0,0,3,36,3051285,1,0,0,0,13410,Medium,-1
347,2020-01-01,Stayton,12,12,2655808,0,0,0,0,0,0,0,0,0,0,0,0,1,7870,Control,-1
348,2020-01-01,Sweet Home,22,22,4816468,0,0,0,0,0,0,4,48,6554513,0,0,0,1,9340,Control,-1
349,2020-01-01,Talent,27,27,5803478,0,0,0,0,0,0,6,48,6453182,0,0,0,1,6465,Control,-1
350,2020-01-01,Tangent,0,0,0,0,0,0,0,0,0,0,0,0,0,0,0,1,1260,Control,-1
351,2020-01-01,Tigard,134,134,34905157,0,0,0,0,0,0,4,498,59408317,0,1,0,0,53450,Large,-1
352,2020-01-01,Toledo,3,3,370500,0,0,0,0,0,0,0,0,0,0,0,0,1,3490,Control,-1
353,2020-01-01,Troutdale,9,9,3800000,0,0,0,0,0,0,0,0,0,0,1,0,0,16185,Large,-1
354,2020-01-01,Tualatin,0,0,0,0,0,0,0,0,0,0,0,0,0,1,1,0,27135,Large,-1
355,2020-01-01,Umatilla,72,72,44865406,0,0,0,0,0,0,0,0,0,0,0,0,1,7470,Control,-1
356,2020-01-01,Veneta,10,10,1985245,0,0,0,0,0,0,0,0,0,0,0,0,1,4800,Control,-1
357,2020-01-01,Vernonia,13,13,3325683,0,0,0,0,0,0,0,0,0,0,0,0,1,2095,Control,-1
358,2020-01-01,Waldport,4,4,750500,0,0,0,0,0,0,0,0,0,0,0,0,1,2110,Control,-1
359,2020-01-01,Warrenton,21,21,4463864,7,14,2507192,0,0,0,0,0,0,0,0,0,1,5320,Control,-1
360,2020-01-01,West Linn,22,22,10734827,0,0,0,0,0,0,0,0,0,0,1,0,0,25905,Large,-1
361,2020-01-01,Wilsonville,82,82,23801968,0,0,0,0,0,0,0,0,0,0,1,1,0,25635,Large,-1
362,2020-01-01,Wood Village,2,2,1460414,0,0,0,0,0,0,8,184,22217737,0,1,0,0,4060,Large,-1
363,2020-01-01,Woodburn,92,92,21487998,0,0,0,0,0,0,0,0,0,0,1,0,0,25135,Large,-1
364,2021-01-01,Albany,110,110,27858696,0,0,0,0,0,0,0,0,0,0,1,1,0,54120,Large,0
365,2021-01-01,Ashland,55,55,8829122,0,0,0,2,7,1576081,1,28,6402000,1,0,0,0,20960,Medium,0
366,2021-01-01,Astoria,1,1,222000,0,0,0,0,0,0,0,0,0,0,0,0,1,9690,Control,0
367,2021-01-01,Baker City,59,59,13389030,0,0,0,0,0,0,0,0,0,0,0,0,1,9965,Control,0
368,2021-01-01,Beaverton,110,110,32225925,0,0,0,0,0,0,0,0,0,0,1,0,0,98255,Large,0
369,2021-01-01,Bend,747,747,218222155,29,58,8694809,0,0,0,23,652,84286174,0,1,1,0,91385,Large,0
370,2021-01-01,Boardman,29,29,6756210,2,4,1188212,0,0,0,0,0,0,0,0,0,1,4505,Control,0
371,2021-01-01,Brookings,20,20,7286061,0,0,0,0,0,0,0,0,0,0,0,0,1,6645,Control,0
372,2021-01-01,Brownsville,66,66,16131202,0,0,0,0,0,0,0,0,0,0,0,0,1,1720,Control,0
373,2021-01-01,Cannon Beach,19,19,8430511,1,2,320000,0,0,0,0,0,0,0,0,0,1,1730,Control,0
374,2021-01-01,Central Point,60,60,14414136,0,0,0,0,0,0,5,53,7420444,1,0,0,0,18365,Medium,0
375,2021-01-01,Clatskanie,7,7,2731947,0,0,0,0,0,0,0,0,0,0,0,0,1,1775,Control,0
376,2021-01-01,Coburg,7,7,1971965,0,0,0,0,0,0,0,0,0,0,0,0,1,1295,Control,0
377,2021-01-01,Columbia City,0,0,0,0,0,0,0,0,0,0,0,0,0,0,0,1,1985,Control,0
378,2021-01-01,Coos Bay,22,22,5825620,0,0,0,0,0,0,0,0,0,1,0,0,0,16700,Medium,0
379,2021-01-01,Cornelius,344,344,85594782,1,2,223626,3,12,1391964,1,5,534237,0,1,0,0,12225,Large,0
380,2021-01-01,Corvallis,144,144,38419165,1,2,361502,3,9,1626759,0,0,0,0,1,0,0,58885,Large,0
381,2021-01-01,Cottage Grove,27,27,8494762,1,2,475473,1,4,401067,11,88,10666022,1,0,0,0,10140,Medium,0
382,2021-01-01,Creswell,15,15,3595735,1,2,292697,3,11,1517076,2,10,1400000,0,0,0,1,5510,Control,0
383,2021-01-01,Dallas,140,140,36852631,1,2,520000,0,0,0,2,10,2303988,1,0,0,0,16260,Medium,0
384,2021-01-01,Dayton,10,10,2614804,0,0,0,0,0,0,0,0,0,0,0,0,1,2740,Control,0
385,2021-01-01,Depoe Bay,10,10,2880750,0,0,0,0,0,0,0,0,0,0,0,0,1,1445,Control,0
386,2021-01-01,Dundee,1,1,339000,0,0,0,0,0,0,0,0,0,0,0,0,1,3235,Control,0
387,2021-01-01,Dunes City,8,8,2225717,0,0,0,0,0,0,0,0,0,0,0,0,1,1345,Control,0
388,2021-01-01,Durham,0,0,0,0,0,0,0,0,0,0,0,0,0,1,0,0,1885,Large,0
389,2021-01-01,Eagle Point,83,83,25754148,2,4,806996,1,3,1101726,0,0,0,0,0,0,1,9260,Control,0
390,2021-01-01,Estacada,229,229,54547783,0,0,0,0,0,0,0,0,0,0,0,0,1,3725,Control,0
391,2021-01-01,Florence,32,32,8862830,0,0,0,0,0,0,0,0,0,0,0,0,1,8850,Control,0
392,2021-01-01,Forest Grove,133,133,34188671,9,18,3030222,0,0,0,13,235,25515066,0,1,0,0,25180,Large,0
393,2021-01-01,Gearhart,28,28,9855575,1,2,466830,0,0,0,0,0,0,0,0,0,1,1525,Control,0
394,2021-01-01,Happy Valley,381,381,126074288,0,0,0,0,0,0,0,0,0,0,1,0,0,21700,Large,0
395,2021-01-01,Harrisburg,6,6,1342848,0,0,0,0,0,0,1,5,725000,0,0,0,1,3680,Control,0
396,2021-01-01,Hermiston,113,113,27978882,0,0,0,0,0,0,0,0,0,1,0,0,0,18415,Medium,0
397,2021-01-01,Hood River,20,20,5585040,2,4,592663,0,0,0,0,0,0,0,0,0,1,8305,Control,0
398,2021-01-01,Independence,65,65,14513097,0,0,0,0,0,0,0,0,0,0,0,0,1,9530,Control,0
399,2021-01-01,Irrigon,12,12,2613890,1,2,261652,0,0,0,0,0,0,0,0,0,1,2030,Control,0
400,2021-01-01,Jacksonville,8,8,2791701,0,0,0,0,0,0,0,0,0,0,0,0,1,3015,Control,0
401,2021-01-01,Junction City,2,2,844412,1,2,326657,0,0,0,0,0,0,0,0,0,1,6170,Control,0
402,2021-01-01,Keizer,25,25,7274779,3,6,1269962,0,0,0,3,31,2859727,0,1,0,0,38580,Large,0
403,2021-01-01,King City,0,0,0,0,0,0,0,0,0,0,0,0,0,1,1,0,4190,Large,0
404,2021-01-01,La Grande,26,26,4963526,0,0,0,0,0,0,11,106,13881754,1,0,0,0,13290,Medium,0
405,2021-01-01,Lafayette,13,13,1650210,0,0,0,0,0,0,0,0,0,0,0,0,1,4125,Control,0
406,2021-01-01,Lake Oswego,47,47,29054785,0,0,0,0,0,0,0,0,0,0,1,0,0,39115,Large,0
407,2021-01-01,Lakeside,2,2,553305,0,0,0,0,0,0,0,0,0,0,0,0,1,1750,Control,0
408,2021-01-01,Lebanon,54,54,12929449,6,12,2168979,0,0,0,12,164,20582916,1,0,0,0,17135,Medium,0
409,2021-01-01,Lincoln City,53,53,16925653,0,0,0,0,0,0,0,0,0,0,0,0,1,8795,Control,0
410,2021-01-01,Lowell,15,15,3996808,0,0,0,0,0,0,0,0,0,0,0,0,1,1090,Control,0
411,2021-01-01,Lyons,3,3,578403,0,0,0,0,0,0,0,0,0,0,0,0,1,1200,Control,0
412,2021-01-01,McMinnville,143,143,38486469,0,0,0,0,0,0,0,0,0,0,1,0,0,33930,Large,0
413,2021-01-01,Medford,318,318,88687545,7,14,4174890,0,0,0,4,105,12452221,0,1,0,0,81465,Large,0
414,2021-01-01,Mill City,7,7,1783705,0,0,0,0,0,0,0,0,0,0,0,0,1,1880,Control,0
415,2021-01-01,Millersburg,34,34,9322851,0,0,0,0,0,0,0,0,0,0,0,0,1,2615,Control,0
416,2021-01-01,Milwaukie,37,37,12513969,0,0,0,0,0,0,6,249,33149566,0,1,0,0,20535,Large,0
417,2021-01-01,Monmouth,50,50,13750000,1,2,500000,0,0,0,0,0,0,0,0,0,1,9920,Control,0
418,2021-01-01,Newberg,115,115,30877104,14,28,7229340,0,0,0,2,126,38176925,1,0,0,0,24045,Medium,0
419,2021-01-01,Newport,8,8,3083717,3,6,529293,0,0,0,0,0,0,1,0,0,0,10285,Medium,0
420,2021-01-01,North Bend,22,22,3651113,0,0,0,0,0,0,0,0,0,0,0,0,1,9925,Control,0
421,2021-01-01,Oakridge,9,9,1552096,0,0,0,0,0,0,0,0,0,0,0,0,1,3305,Control,0
422,2021-01-01,Ontario,13,13,3526125,0,0,0,0,0,0,0,0,0,1,0,0,0,11485,Medium,0
423,2021-01-01,Oregon City,51,51,17286869,0,0,0,3,11,1925000,0,0,0,0,1,0,0,35570,Large,0
424,2021-01-01,Pendleton,37,37,7385077,1,2,250000,0,0,0,7,118,13784232,1,0,0,0,17020,Medium,0
425,2021-01-01,Philomath,31,31,8456306,0,0,0,1,3,568307,0,0,0,0,0,0,1,4900,Control,0
426,2021-01-01,Phoenix,17,17,4661426,0,0,0,0,0,0,0,0,0,0,0,0,1,4650,Control,0
427,2021-01-01,Redmond,458,458,115308639,18,36,5268490,6,23,2996834,14,133,15752080,0,1,0,0,30600,Large,0
428,2021-01-01,Reedsport,5,5,1293021,0,0,0,0,0,0,0,0,0,0,0,0,1,4215,Control,0
429,2021-01-01,Rogue River,6,6,1606102,0,0,0,0,0,0,0,0,0,0,0,0,1,2235,Control,0
430,2021-01-01,Sandy,59,59,19864332,1,2,296963,0,0,0,6,69,8162481,1,0,0,0,11075,Medium,0
431,2021-01-01,Scappoose,3,3,976381,2,4,723449,0,0,0,2,80,6000000,0,0,0,1,7270,Control,0
432,2021-01-01,Seaside,38,38,10909676,0,0,0,0,0,0,0,0,0,0,0,0,1,6585,Control,0
433,2021-01-01,Sherwood,21,21,7348797,0,0,0,0,0,0,0,0,0,0,1,0,0,19595,Large,0
434,2021-01-01,Siletz,1,1,229000,0,0,0,0,0,0,0,0,0,0,0,0,1,1235,Control,0
435,2021-01-01,Silverton,26,26,8549983,0,0,0,0,0,0,0,0,0,1,0,0,0,10380,Medium,0
436,2021-01-01,Springfield,233,233,63920093,3,6,710299,0,0,0,1,8,715000,0,1,0,0,61355,Large,0
437,2021-01-01,St. Helens,122,122,32815291,0,0,0,0,0,0,0,0,0,1,0,0,0,13410,Medium,0
438,2021-01-01,Stayton,50,50,12811957,0,0,0,0,0,0,0,0,0,0,0,0,1,7870,Control,0
439,2021-01-01,Sweet Home,28,28,4743747,0,0,0,0,0,0,9,54,7373827,0,0,0,1,9340,Control,0
440,2021-01-01,Talent,30,30,6448309,0,0,0,0,0,0,1,65,8738684,0,0,0,1,6465,Control,0
441,2021-01-01,Tangent,0,0,0,0,0,0,0,0,0,0,0,0,0,0,0,1,1260,Control,0
442,2021-01-01,Tigard,213,213,65413091,0,0,0,0,0,0,2,144,27700000,0,1,0,0,53450,Large,0
443,2021-01-01,Toledo,4,4,335000,0,0,0,0,0,0,0,0,0,0,0,0,1,3490,Control,0
444,2021-01-01,Troutdale,58,58,15897502,0,0,0,0,0,0,0,0,0,0,1,0,0,16185,Large,0
445,2021-01-01,Tualatin,4,4,110000,0,0,0,0,0,0,5,264,37484540,0,1,1,0,27135,Large,0
446,2021-01-01,Umatilla,60,60,13748199,0,0,0,0,0,0,0,0,0,0,0,0,1,7470,Control,0
447,2021-01-01,Veneta,4,4,1476024,0,0,0,0,0,0,0,0,0,0,0,0,1,4800,Control,0
448,2021-01-01,Vernonia,10,10,3000000,0,0,0,0,0,0,0,0,0,0,0,0,1,2095,Control,0
449,2021-01-01,Waldport,9,9,2155000,0,0,0,0,0,0,0,0,0,0,0,0,1,2110,Control,0
450,2021-01-01,Warrenton,4,4,1140325,0,0,0,0,0,0,0,0,0,0,0,0,1,5320,Control,0
451,2021-01-01,West Linn,37,37,18118768,0,0,0,0,0,0,0,0,0,0,1,0,0,25905,Large,0
452,2021-01-01,Wilsonville,117,117,43330343,0,0,0,0,0,0,0,0,0,0,1,1,0,25635,Large,0
453,2021-01-01,Wood Village,1,1,350000,0,0,0,0,0,0,0,0,0,0,1,0,0,4060,Large,0
454,2021-01-01,Woodburn,261,261,69879528,0,0,0,0,0,0,17,300,35681791,0,1,0,0,25135,Large,0
455,2022-01-01,Albany,64,64,16118406,0,0,0,0,0,0,0,0,0,0,1,1,0,54120,Large,1
456,2022-01-01,Ashland,44,44,8042574,1,2,115517,0,0,0,0,0,0,1,0,0,0,20960,Medium,1
457,2022-01-01,Astoria,5,5,2087615,0,0,0,0,0,0,0,0,0,0,0,0,1,9690,Control,1
458,2022-01-01,Baker City,50,50,12323691,6,12,2713907,1,4,794646,0,0,0,0,0,0,1,9965,Control,1
459,2022-01-01,Beaverton,114,114,35644733,0,0,0,0,0,0,6,487,86417112,0,1,0,0,98255,Large,1
460,2022-01-01,Bend,619,619,189660516,24,48,10499202,0,0,0,17,526,60074978,0,1,1,0,91385,Large,1
461,2022-01-01,Boardman,27,27,7865598,0,0,0,2,7,1412573,6,144,25198614,0,0,0,1,4505,Control,1
462,2022-01-01,Brookings,26,26,13425537,0,0,0,0,0,0,0,0,0,0,0,0,1,6645,Control,1
463,2022-01-01,Brownsville,2,2,656000,0,0,0,0,0,0,0,0,0,0,0,0,1,1720,Control,1
464,2022-01-01,Cannon Beach,11,11,4503593,0,0,0,0,0,0,0,0,0,0,0,0,1,1730,Control,1
465,2022-01-01,Central Point,16,16,4512629,0,0,0,0,0,0,4,82,10819168,1,0,0,0,18365,Medium,1
466,2022-01-01,Clatskanie,2,2,590446,0,0,0,0,0,0,0,0,0,0,0,0,1,1775,Control,1
467,2022-01-01,Coburg,10,10,4156891,0,0,0,0,0,0,0,0,0,0,0,0,1,1295,Control,1
468,2022-01-01,Columbia City,0,0,0,0,0,0,0,0,0,0,0,0,0,0,0,1,1985,Control,1
469,2022-01-01,Coos Bay,11,11,3663765,1,2,297584,0,0,0,0,0,0,1,0,0,0,16700,Medium,1
470,2022-01-01,Cornelius,116,116,30571169,2,4,976028,1,3,347991,1,113,18750000,0,1,0,0,12225,Large,1
471,2022-01-01,Corvallis,117,117,31930676,0,0,0,0,0,0,6,110,14984216,0,1,0,0,58885,Large,1
472,2022-01-01,Cottage Grove,7,7,1430210,0,0,0,0,0,0,1,12,1659864,1,0,0,0,10140,Medium,1
473,2022-01-01,Creswell,14,14,6068295,0,0,0,0,0,0,0,0,0,0,0,0,1,5510,Control,1
474,2022-01-01,Dallas,125,125,38291307,4,8,2098195,0,0,0,0,0,0,1,0,0,0,16260,Medium,1
475,2022-01-01,Dayton,1,1,287051,0,0,0,0,0,0,0,0,0,0,0,0,1,2740,Control,1
476,2022-01-01,Depoe Bay,9,9,2480215,0,0,0,0,0,0,0,0,0,0,0,0,1,1445,Control,1
477,2022-01-01,Dundee,9,9,2573681,0,0,0,0,0,0,0,0,0,0,0,0,1,3235,Control,1
478,2022-01-01,Dunes City,8,8,3084547,0,0,0,0,0,0,0,0,0,0,0,0,1,1345,Control,1
479,2022-01-01,Durham,0,0,0,0,0,0,0,0,0,0,0,0,0,1,0,0,1885,Large,1
480,2022-01-01,Eagle Point,45,45,14765820,1,2,429206,0,0,0,0,0,0,0,0,0,1,9260,Control,1
481,2022-01-01,Estacada,75,75,22323921,0,0,0,0,0,0,0,0,0,0,0,0,1,3725,Control,1
482,2022-01-01,Florence,23,23,7786112,0,0,0,0,0,0,2,68,15793429,0,0,0,1,8850,Control,1
483,2022-01-01,Forest Grove,118,118,41148216,3,6,1442824,1,3,1041399,4,28,3528326,0,1,0,0,25180,Large,1
484,2022-01-01,Gearhart,21,21,6916692,0,0,0,0,0,0,1,6,1195566,0,0,0,1,1525,Control,1
485,2022-01-01,Happy Valley,292,292,99851368,0,0,0,0,0,0,15,542,70286226,0,1,0,0,21700,Large,1
486,2022-01-01,Harrisburg,2,2,470000,0,0,0,0,0,0,0,0,0,0,0,0,1,3680,Control,1
487,2022-01-01,Hermiston,105,105,24246204,3,6,1457826,0,0,0,4,86,9668626,1,0,0,0,18415,Medium,1
488,2022-01-01,Hood River,11,11,2236747,7,14,3567930,1,4,80000,4,26,6844101,0,0,0,1,8305,Control,1
489,2022-01-01,Independence,35,35,11584921,3,6,1321227,0,0,0,0,0,0,0,0,0,1,9530,Control,1
490,2022-01-01,Irrigon,8,8,1565872,6,12,1944420,0,0,0,0,0,0,0,0,0,1,2030,Control,1
491,2022-01-01,Jacksonville,10,10,2941493,0,0,0,0,0,0,0,0,0,0,0,0,1,3015,Control,1
492,2022-01-01,Junction City,68,68,24176293,0,0,0,0,0,0,0,0,0,0,0,0,1,6170,Control,1
493,2022-01-01,Keizer,16,16,3885610,2,4,587533,4,16,5400000,16,186,23084846,0,1,0,0,38580,Large,1
494,2022-01-01,King City,0,0,0,0,0,0,0,0,0,0,0,0,0,1,1,0,4190,Large,1
495,2022-01-01,La Grande,11,11,1871359,2,4,864335,0,0,0,0,0,0,1,0,0,0,13290,Medium,1
496,2022-01-01,Lafayette,59,59,14620487,0,0,0,0,0,0,0,0,0,0,0,0,1,4125,Control,1
497,2022-01-01,Lake Oswego,39,39,30291930,0,0,0,0,0,0,3,136,21106081,0,1,0,0,39115,Large,1
498,2022-01-01,Lakeside,0,0,0,0,0,0,0,0,0,0,0,0,0,0,0,1,1750,Control,1
499,2022-01-01,Lebanon,17,17,3654475,11,22,5004700,0,0,0,4,78,10337524,1,0,0,0,17135,Medium,1
500,2022-01-01,Lincoln City,55,55,15663930,3,6,1111787,0,0,0,3,42,4557270,0,0,0,1,8795,Control,1
501,2022-01-01,Lowell,18,18,4770683,0,0,0,0,0,0,0,0,0,0,0,0,1,1090,Control,1
502,2022-01-01,Lyons,1,1,83057,0,0,0,0,0,0,0,0,0,0,0,0,1,1200,Control,1
503,2022-01-01,McMinnville,88,88,33250084,0,0,0,0,0,0,0,0,0,0,1,0,0,33930,Large,1
504,2022-01-01,Medford,264,264,80468158,7,14,3004646,0,0,0,3,32,3090045,0,1,0,0,81465,Large,1
505,2022-01-01,Mill City,10,10,2857247,0,0,0,0,0,0,0,0,0,0,0,0,1,1880,Control,1
506,2022-01-01,Millersburg,19,19,5371154,0,0,0,0,0,0,0,0,0,0,0,0,1,2615,Control,1
507,2022-01-01,Milwaukie,15,15,4469855,0,0,0,0,0,0,3,234,55717661,0,1,0,0,20535,Large,1
508,2022-01-01,Monmouth,34,34,9184299,0,0,0,0,0,0,1,5,972222,0,0,0,1,9920,Control,1
509,2022-01-01,Newberg,129,129,28963519,3,6,1325756,1,3,293500,3,93,11117967,1,0,0,0,24045,Medium,1
510,2022-01-01,Newport,11,11,3467924,3,6,932355,0,0,0,7,84,16200000,1,0,0,0,10285,Medium,1
511,2022-01-01,North Bend,8,8,2193790,1,2,450000,0,0,0,0,0,0,0,0,0,1,9925,Control,1
512,2022-01-01,Oakridge,5,5,1309878,0,0,0,0,0,0,0,0,0,0,0,0,1,3305,Control,1
513,2022-01-01,Ontario,14,14,3898399,0,0,0,0,0,0,0,0,0,1,0,0,0,11485,Medium,1
514,2022-01-01,Oregon City,39,39,13628938,1,2,414506,1,4,1100000,7,171,20583745,0,1,0,0,35570,Large,1
515,2022-01-01,Pendleton,10,10,3078291,0,0,0,0,0,0,21,275,30750379,1,0,0,0,17020,Medium,1
516,2022-01-01,Philomath,10,10,2961463,1,2,456391,0,0,0,0,0,0,0,0,0,1,4900,Control,1
517,2022-01-01,Phoenix,63,63,9797286,0,0,0,5,20,1280000,1,55,6213618,0,0,0,1,4650,Control,1
518,2022-01-01,Redmond,207,207,52577363,6,12,2747955,4,14,2477605,15,202,31996188,0,1,0,0,30600,Large,1
519,2022-01-01,Reedsport,8,8,679180,0,0,0,0,0,0,0,0,0,0,0,0,1,4215,Control,1
520,2022-01-01,Rogue River,6,6,1606102,0,0,0,0,0,0,0,0,0,0,0,0,1,2235,Control,1
521,2022-01-01,Sandy,67,67,25087062,0,0,0,0,0,0,0,0,0,1,0,0,0,11075,Medium,1
522,2022-01-01,Scappoose,0,0,0,0,0,0,0,0,0,1,8,543262,0,0,0,1,7270,Control,1
523,2022-01-01,Seaside,26,26,8196801,0,0,0,0,0,0,0,0,0,0,0,0,1,6585,Control,1
524,2022-01-01,Sherwood,75,75,28615524,0,0,0,0,0,0,1,5,1201052,0,1,0,0,19595,Large,1
525,2022-01-01,Siletz,0,0,0,0,0,0,0,0,0,0,0,0,0,0,0,1,1235,Control,1
526,2022-01-01,Silverton,16,16,5946141,0,0,0,0,0,0,1,21,800000,1,0,0,0,10380,Medium,1
527,2022-01-01,Springfield,201,201,57520673,1,2,273060,0,0,0,0,0,0,0,1,0,0,61355,Large,1
528,2022-01-01,St. Helens,12,12,3398442,5,10,2359807,0,0,0,0,0,0,1,0,0,0,13410,Medium,1
529,2022-01-01,Stayton,1,1,298985,1,2,511575,0,0,0,7,72,9633243,0,0,0,1,7870,Control,1
530,2022-01-01,Sweet Home,33,33,8897221,2,4,890775,1,3,635532,0,0,0,0,0,0,1,9340,Control,1
531,2022-01-01,Talent,34,34,8437840,2,4,627589,1,3,737018,5,72,11478186,0,0,0,1,6465,Control,1
532,2022-01-01,Tangent,0,0,0,0,0,0,0,0,0,0,0,0,0,0,0,1,1260,Control,1
533,2022-01-01,Tigard,183,183,64458451,0,0,0,0,0,0,3,110,16009581,0,1,0,0,53450,Large,1
534,2022-01-01,Toledo,4,4,1159000,0,0,0,0,0,0,0,0,0,0,0,0,1,3490,Control,1
535,2022-01-01,Troutdale,42,42,9597730,0,0,0,1,4,753700,9,162,25388325,0,1,0,0,16185,Large,1
536,2022-01-01,Tualatin,0,0,0,0,0,0,0,0,0,0,0,0,0,1,1,0,27135,Large,1
537,2022-01-01,Umatilla,92,92,23506962,0,0,0,0,0,0,0,0,0,0,0,0,1,7470,Control,1
538,2022-01-01,Veneta,14,14,3890247,7,14,2702058,1,4,214591,0,0,0,0,0,0,1,4800,Control,1
539,2022-01-01,Vernonia,2,2,750000,0,0,0,0,0,0,0,0,0,0,0,0,1,2095,Control,1
540,2022-01-01,Waldport,7,7,2334550,0,0,0,0,0,0,0,0,0,0,0,0,1,2110,Control,1
541,2022-01-01,Warrenton,8,8,2812243,0,0,0,0,0,0,0,0,0,0,0,0,1,5320,Control,1
542,2022-01-01,West Linn,27,27,16592014,0,0,0,0,0,0,0,0,0,0,1,0,0,25905,Large,1
543,2022-01-01,Wilsonville,47,47,18307962,0,0,0,0,0,0,0,0,0,0,1,1,0,25635,Large,1
544,2022-01-01,Wood Village,0,0,0,0,0,0,0,0,0,0,0,0,0,1,0,0,4060,Large,1
545,2022-01-01,Woodburn,162,162,49731073,0,0,0,1,4,264552,33,612,64592639,0,1,0,0,25135,Large,1
546,2023-01-01,Albany,81,81,19135722,3,6,1484189,1,4,965822,0,0,0,0,1,1,0,54120,Large,2
547,2023-01-01,Ashland,30,30,7958919,0,0,0,1,4,1500000,9,70,6291118,1,0,0,0,20960,Medium,2
548,2023-01-01,Astoria,4,4,1057355,1,2,571928,0,0,0,0,0,0,0,0,0,1,9690,Control,2
549,2023-01-01,Baker City,30,30,11215315,2,4,632659,2,8,2273528,0,0,0,0,0,0,1,9965,Control,2
550,2023-01-01,Beaverton,301,301,89131840,0,0,0,0,0,0,1,29,5145988,0,1,0,0,98255,Large,2
551,2023-01-01,Bend,619,619,226505320,46,92,20339775,3,11,2662631,22,892,138908197,0,1,1,0,91385,Large,2
552,2023-01-01,Boardman,30,30,8783220,0,0,0,4,14,3164095,0,0,0,0,0,0,1,4505,Control,2
553,2023-01-01,Brookings,10,10,5399000,1,2,470000,0,0,0,0,0,0,0,0,0,1,6645,Control,2
554,2023-01-01,Brownsville,3,3,909375,0,0,0,0,0,0,0,0,0,0,0,0,1,1720,Control,2
555,2023-01-01,Cannon Beach,7,7,2865926,0,0,0,0,0,0,0,0,0,0,0,0,1,1730,Control,2
556,2023-01-01,Central Point,12,12,3804657,0,0,0,0,0,0,3,67,12201252,1,0,0,0,18365,Medium,2
557,2023-01-01,Clatskanie,2,2,685501,0,0,0,0,0,0,0,0,0,0,0,0,1,1775,Control,2
558,2023-01-01,Coburg,19,19,6573119,0,0,0,0,0,0,0,0,0,0,0,0,1,1295,Control,2
559,2023-01-01,Columbia City,0,0,0,0,0,0,0,0,0,0,0,0,0,0,0,1,1985,Control,2
560,2023-01-01,Coos Bay,15,15,4622958,0,0,0,0,0,0,0,0,0,1,0,0,0,16700,Medium,2
561,2023-01-01,Cornelius,79,79,24529486,0,0,0,0,0,0,0,0,0,0,1,0,0,12225,Large,2
562,2023-01-01,Corvallis,69,69,22362306,6,12,4106051,1,4,917796,12,258,39169174,0,1,0,0,58885,Large,2
563,2023-01-01,Cottage Grove,7,7,2430681,0,0,0,0,0,0,1,12,2064958,1,0,0,0,10140,Medium,2
564,2023-01-01,Creswell,0,0,0,0,0,0,0,0,0,1,27,750000,0,0,0,1,5510,Control,2
565,2023-01-01,Dallas,117,117,33597592,0,0,0,0,0,0,2,16,2232504,1,0,0,0,16260,Medium,2
566,2023-01-01,Dayton,2,2,522960,0,0,0,0,0,0,0,0,0,0,0,0,1,2740,Control,2
567,2023-01-01,Depoe Bay,6,6,2160140,0,0,0,0,0,0,0,0,0,0,0,0,1,1445,Control,2
568,2023-01-01,Dundee,2,2,1219947,0,0,0,0,0,0,0,0,0,0,0,0,1,3235,Control,2
569,2023-01-01,Dunes City,8,8,3657484,0,0,0,0,0,0,0,0,0,0,0,0,1,1345,Control,2
570,2023-01-01,Durham,0,0,0,0,0,0,0,0,0,0,0,0,0,1,0,0,1885,Large,2
571,2023-01-01,Eagle Point,31,31,11392279,0,0,0,3,9,2679715,0,0,0,0,0,0,1,9260,Control,2
572,2023-01-01,Estacada,59,59,23589532,0,0,0,0,0,0,0,0,0,0,0,0,1,3725,Control,2
573,2023-01-01,Florence,17,17,4808904,0,0,0,0,0,0,4,24,6641037,0,0,0,1,8850,Control,2
574,2023-01-01,Forest Grove,58,58,24567223,2,4,1024534,0,0,0,0,0,0,0,1,0,0,25180,Large,2
575,2023-01-01,Gearhart,9,9,8292926,0,0,0,1,4,969718,0,0,0,0,0,0,1,1525,Control,2
576,2023-01-01,Happy Valley,206,206,81312509,0,0,0,0,0,0,0,0,0,0,1,0,0,21700,Large,2
577,2023-01-01,Harrisburg,0,0,0,0,0,0,0,0,0,1,5,725000,0,0,0,1,3680,Control,2
578,2023-01-01,Hermiston,69,69,17536677,4,8,1684689,0,0,0,0,0,0,1,0,0,0,18415,Medium,2
579,2023-01-01,Hood River,10,10,2365992,1,2,949768,0,0,0,0,0,0,0,0,0,1,8305,Control,2
580,2023-01-01,Independence,27,27,7162223,4,8,2419319,0,0,0,0,0,0,0,0,0,1,9530,Control,2
581,2023-01-01,Irrigon,9,9,1827876,3,6,972210,0,0,0,0,0,0,0,0,0,1,2030,Control,2
582,2023-01-01,Jacksonville,8,8,2462820,0,0,0,0,0,0,0,0,0,0,0,0,1,3015,Control,2
583,2023-01-01,Junction City,97,97,37448595,8,16,3151512,0,0,0,0,0,0,0,0,0,1,6170,Control,2
584,2023-01-01,Keizer,19,19,3961898,15,30,7594703,2,7,1726434,7,75,11577229,0,1,0,0,38580,Large,2
585,2023-01-01,King City,0,0,0,0,0,0,0,0,0,0,0,0,0,1,1,0,4190,Large,2
586,2023-01-01,La Grande,16,16,4142053,2,4,1033744,0,0,0,0,0,0,1,0,0,0,13290,Medium,2
587,2023-01-01,Lafayette,19,19,5866671,0,0,0,0,0,0,0,0,0,0,0,0,1,4125,Control,2
588,2023-01-01,Lake Oswego,21,21,15207971,0,0,0,3,12,2677628,0,0,0,0,1,0,0,39115,Large,2
589,2023-01-01,Lakeside,0,0,0,0,0,0,0,0,0,0,0,0,0,0,0,1,1750,Control,2
590,2023-01-01,Lebanon,35,35,9676506,17,34,8385318,1,3,276462,2,20,2508681,1,0,0,0,17135,Medium,2
591,2023-01-01,Lincoln City,51,51,18194760,2,4,773763,0,0,0,1,9,828899,0,0,0,1,8795,Control,2
592,2023-01-01,Lowell,13,13,3632367,0,0,0,0,0,0,0,0,0,0,0,0,1,1090,Control,2
593,2023-01-01,Lyons,4,4,441972,0,0,0,0,0,0,0,0,0,0,0,0,1,1200,Control,2
594,2023-01-01,McMinnville,133,133,45805554,0,0,0,0,0,0,0,0,0,0,1,0,0,33930,Large,2
595,2023-01-01,Medford,322,322,101839701,4,8,1185950,3,12,1324370,38,486,82302483,0,1,0,0,81465,Large,2
596,2023-01-01,Mill City,5,5,1428625,0,0,0,0,0,0,0,0,0,0,0,0,1,1880,Control,2
597,2023-01-01,Millersburg,35,35,10425232,0,0,0,0,0,0,0,0,0,0,0,0,1,2615,Control,2
598,2023-01-01,Milwaukie,19,19,3411966,2,4,80000,0,0,0,0,0,0,0,1,0,0,20535,Large,2
599,2023-01-01,Monmouth,32,32,8678160,1,2,500000,0,0,0,0,0,0,0,0,0,1,9920,Control,2
600,2023-01-01,Newberg,100,100,28472042,0,0,0,0,0,0,1,6,717288,1,0,0,0,24045,Medium,2
601,2023-01-01,Newport,35,35,8586173,1,2,100000,0,0,0,1,6,1100000,1,0,0,0,10285,Medium,2
602,2023-01-01,North Bend,10,10,2305768,2,4,862110,0,0,0,0,0,0,0,0,0,1,9925,Control,2
603,2023-01-01,Oakridge,11,11,2083139,0,0,0,0,0,0,0,0,0,0,0,0,1,3305,Control,2
604,2023-01-01,Ontario,11,11,3048593,0,0,0,0,0,0,0,0,0,1,0,0,0,11485,Medium,2
605,2023-01-01,Oregon City,81,81,21112529,0,0,0,1,4,522547,4,229,37869000,0,1,0,0,35570,Large,2
606,2023-01-01,Pendleton,19,19,5876520,1,2,470185,0,0,0,0,0,0,1,0,0,0,17020,Medium,2
607,2023-01-01,Philomath,23,23,7511518,1,2,396993,0,0,0,0,0,0,0,0,0,1,4900,Control,2
608,2023-01-01,Phoenix,45,45,7116750,0,0,0,4,12,768000,9,45,5083866,0,0,0,1,4650,Control,2
609,2023-01-01,Redmond,302,302,92294201,6,12,3584929,0,0,0,6,96,20757570,0,1,0,0,30600,Large,2
610,2023-01-01,Reedsport,6,6,683094,0,0,0,0,0,0,0,0,0,0,0,0,1,4215,Control,2
611,2023-01-01,Rogue River,7,7,1873788,0,0,0,0,0,0,0,0,0,0,0,0,1,2235,Control,2
612,2023-01-01,Sandy,18,18,7356956,5,10,2718452,0,0,0,0,0,0,1,0,0,0,11075,Medium,2
613,2023-01-01,Scappoose,9,9,2927245,0,0,0,0,0,0,0,0,0,0,0,0,1,7270,Control,2
614,2023-01-01,Seaside,14,14,5554468,0,0,0,0,0,0,0,0,0,0,0,0,1,6585,Control,2
615,2023-01-01,Sherwood,67,67,30746620,1,2,524374,2,8,1959613,0,0,0,0,1,0,0,19595,Large,2
616,2023-01-01,Siletz,0,0,0,0,0,0,0,0,0,0,0,0,0,0,0,1,1235,Control,2
617,2023-01-01,Silverton,11,11,3187159,2,4,1153406,0,0,0,0,0,0,1,0,0,0,10380,Medium,2
618,2023-01-01,Springfield,206,206,60148870,2,4,544626,0,0,0,0,0,0,0,1,0,0,61355,Large,2
619,2023-01-01,St. Helens,4,4,1268375,0,0,0,0,0,0,0,0,0,1,0,0,0,13410,Medium,2
620,2023-01-01,Stayton,5,5,1236503,9,18,3542219,1,4,538742,9,96,11462989,0,0,0,1,7870,Control,2
621,2023-01-01,Sweet Home,7,7,1675406,6,12,2209615,0,0,0,0,0,0,0,0,0,1,9340,Control,2
622,2023-01-01,Talent,33,33,8264786,2,4,851098,1,4,515207,0,0,0,0,0,0,1,6465,Control,2
623,2023-01-01,Tangent,0,0,0,0,0,0,0,0,0,0,0,0,0,0,0,1,1260,Control,2
624,2023-01-01,Tigard,309,309,122485741,0,0,0,0,0,0,4,272,50878093,0,1,0,0,53450,Large,2
625,2023-01-01,Toledo,5,5,1242750,0,0,0,0,0,0,0,0,0,0,0,0,1,3490,Control,2
626,2023-01-01,Troutdale,16,16,5412944,0,0,0,0,0,0,0,0,0,0,1,0,0,16185,Large,2
627,2023-01-01,Tualatin,71,71,28478388,0,0,0,0,0,0,2,116,15079905,0,1,1,0,27135,Large,2
628,2023-01-01,Umatilla,93,93,31915686,0,0,0,0,0,0,0,0,0,0,0,0,1,7470,Control,2
629,2023-01-01,Veneta,9,9,3542554,1,2,448434,0,0,0,0,0,0,0,0,0,1,4800,Control,2
630,2023-01-01,Vernonia,0,0,0,0,0,0,0,0,0,0,0,0,0,0,0,1,2095,Control,2
631,2023-01-01,Waldport,5,5,1573472,0,0,0,0,0,0,0,0,0,0,0,0,1,2110,Control,2
632,2023-01-01,Warrenton,6,6,1302321,4,8,1454352,1,3,1030000,3,32,2853040,0,0,0,1,5320,Control,2
633,2023-01-01,West Linn,16,16,9443081,0,0,0,0,0,0,0,0,0,0,1,0,0,25905,Large,2
634,2023-01-01,Wilsonville,115,115,40960440,0,0,0,0,0,0,0,0,0,0,1,1,0,25635,Large,2
635,2023-01-01,Wood Village,0,0,0,0,0,0,0,0,0,0,0,0,0,1,0,0,4060,Large,2
636,2023-01-01,Woodburn,80,80,24930924,0,0,0,0,0,0,29,381,57160703,0,1,0,0,25135,Large,2
